{"info": "[nominal/up, nominal/down]", "QCDscale_ren_qqH_hww": {"qqH_hww_GenDeltaPhijj_0fid": [1.00909523424235, 0.9928000577086122], "qqH_hww_GenDeltaPhijj_0nonfid": [1.008641467519624, 0.9931536788071226], "qqH_hww_GenDeltaPhijj_1fid": [1.0056232872932014, 0.995520266522703], "qqH_hww_GenDeltaPhijj_1nonfid": [1.0056919141046428, 0.995466144636138], "qqH_hww_GenDeltaPhijj_2fid": [1.0055519875851129, 0.9955764516385155], "qqH_hww_GenDeltaPhijj_2nonfid": [1.005669277277196, 0.9954839921720231], "qqH_hww_GenDeltaPhijj_3fid": [1.0093168122511746, 0.9926275887984106], "qqH_hww_GenDeltaPhijj_3nonfid": [1.0086513039651592, 0.9931460156871205]}, "QCDscale_fac_qqH_hww": {"qqH_hww_GenDeltaPhijj_0fid": [0.9985325657843017, 0.9950807339702066], "qqH_hww_GenDeltaPhijj_0nonfid": [0.9989140480640635, 0.9950001680208133], "qqH_hww_GenDeltaPhijj_1fid": [0.9965384103155077, 0.9967904276553559], "qqH_hww_GenDeltaPhijj_1nonfid": [0.9970271300241551, 0.9965261890195188], "qqH_hww_GenDeltaPhijj_2fid": [0.9966086606625988, 0.996721266809032], "qqH_hww_GenDeltaPhijj_2nonfid": [0.9970291858132896, 0.9965288736249174], "qqH_hww_GenDeltaPhijj_3fid": [0.9985420002664813, 0.9950758176536474], "qqH_hww_GenDeltaPhijj_3nonfid": [0.9988487967307067, 0.9950448732678332]}, "THU_qqH_YIELD": {"qqH_hww_GenDeltaPhijj_0fid": [0.9962147569977288, 1.0038141177287394], "qqH_hww_GenDeltaPhijj_0nonfid": [0.9962147450968492, 1.0038141298031142], "qqH_hww_GenDeltaPhijj_1fid": [0.9962141939523473, 1.003814689396426], "qqH_hww_GenDeltaPhijj_1nonfid": [0.9962148053239892, 1.0038140686493926], "qqH_hww_GenDeltaPhijj_2fid": [0.9962141082161013, 1.003814776445913], "qqH_hww_GenDeltaPhijj_2nonfid": [0.9962147927672422, 1.003814081398421], "qqH_hww_GenDeltaPhijj_3fid": [0.9962147593636395, 1.0038141153265958], "qqH_hww_GenDeltaPhijj_3nonfid": [0.9962147316950843, 1.0038141434100971]}, "THU_qqH_PTH200": {"qqH_hww_GenDeltaPhijj_0fid": [1.0001683564981019, 0.999831700170773], "qqH_hww_GenDeltaPhijj_0nonfid": [1.0001442846512423, 0.9998557569506764], "qqH_hww_GenDeltaPhijj_1fid": [0.9996979336955801, 1.0003022489030702], "qqH_hww_GenDeltaPhijj_1nonfid": [0.999772330364523, 1.000227773336344], "qqH_hww_GenDeltaPhijj_2fid": [0.9996814689343648, 1.0003187341193114], "qqH_hww_GenDeltaPhijj_2nonfid": [0.9997686101768335, 1.000231496941956], "qqH_hww_GenDeltaPhijj_3fid": [1.0001730487659395, 0.9998270111052283], "qqH_hww_GenDeltaPhijj_3nonfid": [1.0001463895961824, 0.9998536532289046]}, "THU_qqH_Mjj60": {"qqH_hww_GenDeltaPhijj_0fid": [0.9970924478248234, 1.0029245587907338], "qqH_hww_GenDeltaPhijj_0nonfid": [0.997536866729138, 1.002475327344852], "qqH_hww_GenDeltaPhijj_1fid": [0.997081333477151, 1.0029358037882645], "qqH_hww_GenDeltaPhijj_1nonfid": [1.0015908058440726, 0.9984142394053751], "qqH_hww_GenDeltaPhijj_2fid": [0.9970831813285079, 1.0029339341804429], "qqH_hww_GenDeltaPhijj_2nonfid": [1.001562364700271, 0.9984425020343113], "qqH_hww_GenDeltaPhijj_3fid": [0.9970874750972195, 1.0029295899109196], "qqH_hww_GenDeltaPhijj_3nonfid": [0.9975381795406973, 1.0024740015061604]}, "THU_qqH_Mjj120": {"qqH_hww_GenDeltaPhijj_0fid": [0.993772139533226, 1.0063064113680031], "qqH_hww_GenDeltaPhijj_0nonfid": [0.9951092171521978, 1.00493909491421], "qqH_hww_GenDeltaPhijj_1fid": [0.9937558022867046, 1.0063231638857686], "qqH_hww_GenDeltaPhijj_1nonfid": [0.9963762314881595, 1.0036502236207288], "qqH_hww_GenDeltaPhijj_2fid": [0.9937610995556798, 1.006317731845855], "qqH_hww_GenDeltaPhijj_2nonfid": [0.9963774696200218, 1.003648967348183], "qqH_hww_GenDeltaPhijj_3fid": [0.9937690115634534, 1.0063096187607852], "qqH_hww_GenDeltaPhijj_3nonfid": [0.9951120963211605, 1.0049361585993966]}, "THU_qqH_Mjj350": {"qqH_hww_GenDeltaPhijj_0fid": [0.9990101750969068, 1.0009917882979027], "qqH_hww_GenDeltaPhijj_0nonfid": [0.9991481873250059, 1.0008532663069514], "qqH_hww_GenDeltaPhijj_1fid": [0.9985827861836761, 1.0014212422253244], "qqH_hww_GenDeltaPhijj_1nonfid": [0.9987963091764217, 1.0012065955389724], "qqH_hww_GenDeltaPhijj_2fid": [0.9985200092407508, 1.0014843845107364], "qqH_hww_GenDeltaPhijj_2nonfid": [0.9987959683442864, 1.0012069380183097], "qqH_hww_GenDeltaPhijj_3fid": [0.9989880112939472, 1.001014041103597], "qqH_hww_GenDeltaPhijj_3nonfid": [0.9991431057113634, 1.0008583653311518]}, "THU_qqH_Mjj700": {"qqH_hww_GenDeltaPhijj_0fid": [0.999973074166652, 1.0000269272841849], "qqH_hww_GenDeltaPhijj_0nonfid": [1.0000155747452077, 0.9999844257219644], "qqH_hww_GenDeltaPhijj_1fid": [0.9996956240847862, 1.0003045613180146], "qqH_hww_GenDeltaPhijj_1nonfid": [0.9997561788568811, 1.0002439400829668], "qqH_hww_GenDeltaPhijj_2fid": [0.999686780381654, 1.0003134159549527], "qqH_hww_GenDeltaPhijj_2nonfid": [0.9997604855617795, 1.0002396292118616], "qqH_hww_GenDeltaPhijj_3fid": [1.0000569083711286, 0.999943098106], "qqH_hww_GenDeltaPhijj_3nonfid": [1.0000100414286819, 0.9999899587551245]}, "THU_qqH_Mjj1000": {"qqH_hww_GenDeltaPhijj_0fid": [1.000053483867047, 0.9999465218540867], "qqH_hww_GenDeltaPhijj_0nonfid": [1.0000693460358698, 0.9999306635739359], "qqH_hww_GenDeltaPhijj_1fid": [0.999893204791408, 1.0001068180247754], "qqH_hww_GenDeltaPhijj_1nonfid": [0.9999601298994623, 1.0000398732696711], "qqH_hww_GenDeltaPhijj_2fid": [0.9999221958774099, 1.0000778162323223], "qqH_hww_GenDeltaPhijj_2nonfid": [0.9999526388304825, 1.0000473656457294], "qqH_hww_GenDeltaPhijj_3fid": [1.0000958117236538, 0.9999042066332845], "qqH_hww_GenDeltaPhijj_3nonfid": [1.0000642396940387, 0.9999357685517655]}, "THU_qqH_Mjj1500": {"qqH_hww_GenDeltaPhijj_0fid": [1.0000417755122886, 0.9999582279783361], "qqH_hww_GenDeltaPhijj_0nonfid": [1.000048524001983, 0.9999514806949986], "qqH_hww_GenDeltaPhijj_1fid": [1.0000413285374403, 0.9999586748786691], "qqH_hww_GenDeltaPhijj_1nonfid": [1.0000207633365414, 0.9999792375194249], "qqH_hww_GenDeltaPhijj_2fid": [1.0000087277629248, 0.9999912723897268], "qqH_hww_GenDeltaPhijj_2nonfid": [1.000019452576346, 0.9999805481741358], "qqH_hww_GenDeltaPhijj_3fid": [1.0000501929053967, 0.9999498121332604], "qqH_hww_GenDeltaPhijj_3nonfid": [1.000052170901752, 0.9999478345295411]}, "THU_qqH_PTH25": {"qqH_hww_GenDeltaPhijj_0fid": [1.004636929146758, 0.9954056779465189], "qqH_hww_GenDeltaPhijj_0nonfid": [1.0039491917689622, 0.996081756009415], "qqH_hww_GenDeltaPhijj_1fid": [1.005131821813903, 0.994920314271022], "qqH_hww_GenDeltaPhijj_1nonfid": [1.002854989293744, 0.9971612200585612], "qqH_hww_GenDeltaPhijj_2fid": [1.0050822412999123, 0.9949688972572143], "qqH_hww_GenDeltaPhijj_2nonfid": [1.002890168719633, 0.9971264413983241], "qqH_hww_GenDeltaPhijj_3fid": [1.0047290336221044, 0.9953152748252089], "qqH_hww_GenDeltaPhijj_3nonfid": [1.0039116248296145, 0.9961187392268885]}, "THU_qqH_JET01": {"qqH_hww_GenDeltaPhijj_0fid": [0.9884087368418262, 1.0118663552517677], "qqH_hww_GenDeltaPhijj_0nonfid": [0.9904737878201284, 1.0097112346992243], "qqH_hww_GenDeltaPhijj_1fid": [0.9883811689230965, 1.011895248851951], "qqH_hww_GenDeltaPhijj_1nonfid": [0.9886588386898908, 1.011604375475564], "qqH_hww_GenDeltaPhijj_2fid": [0.9883843535723452, 1.0118919108932116], "qqH_hww_GenDeltaPhijj_2nonfid": [0.9886558469857082, 1.0116075076777984], "qqH_hww_GenDeltaPhijj_3fid": [0.988408319115702, 1.0118667930411045], "qqH_hww_GenDeltaPhijj_3nonfid": [0.990479669017304, 1.0097051229021154]}, "THU_qqH_EWK": {"qqH_hww_GenDeltaPhijj_0fid": [1.1423452066471647, 0.8891988255120185], "qqH_hww_GenDeltaPhijj_0nonfid": [1.1229661488137486, 0.9013059144051041], "qqH_hww_GenDeltaPhijj_1fid": [1.1040555295867418, 0.9138692351204084], "qqH_hww_GenDeltaPhijj_1nonfid": [1.0894532489257167, 0.9241218458811014], "qqH_hww_GenDeltaPhijj_2fid": [1.103054394408182, 0.9145563025797306], "qqH_hww_GenDeltaPhijj_2nonfid": [1.089239477420672, 0.9242757139920849], "qqH_hww_GenDeltaPhijj_3fid": [1.1445524324910257, 0.8878660406790807], "qqH_hww_GenDeltaPhijj_3nonfid": [1.1229429650458693, 0.9013208496138513]}, "PS_ISR": {"ggH_hww_GenDeltaPhijj_0fid": [0.9976545520286388, 1.0017775240190963],