{"info": "[nominal/up, nominal/down]", "QCDscale_ren_qqH_hww": {"qqH_hww_GenDeltaPhijj_0fid": [1.0094459195595302, 0.99252701511129], "qqH_hww_GenDeltaPhijj_0nonfid": [1.0103825634096522, 0.9918001123266681], "qqH_hww_GenDeltaPhijj_1fid": [1.0053994573711338, 0.9956967795778365], "qqH_hww_GenDeltaPhijj_1nonfid": [1.0058981897609165, 0.9953035022282751], "qqH_hww_GenDeltaPhijj_2fid": [1.005331065356275, 0.9957506736439222], "qqH_hww_GenDeltaPhijj_2nonfid": [1.0058272276063962, 0.9953593699690446], "qqH_hww_GenDeltaPhijj_3fid": [1.0087983983334698, 0.9930312264933195], "qqH_hww_GenDeltaPhijj_3nonfid": [1.0101416956103717, 0.9919867801740258]}, "QCDscale_fac_qqH_hww": {"qqH_hww_GenDeltaPhijj_0fid": [0.998661259875073, 0.9950359465228442], "qqH_hww_GenDeltaPhijj_0nonfid": [0.9978842570236451, 0.9956726714573845], "qqH_hww_GenDeltaPhijj_1fid": [0.9966482322552946, 0.9967208677757191], "qqH_hww_GenDeltaPhijj_1nonfid": [0.9961858331224455, 0.9971987014573079], "qqH_hww_GenDeltaPhijj_2fid": [0.9959350738618187, 0.9972390878731806], "qqH_hww_GenDeltaPhijj_2nonfid": [0.9964086767470705, 0.9970267558072845], "qqH_hww_GenDeltaPhijj_3fid": [0.9984342672176252, 0.9952173468534005], "qqH_hww_GenDeltaPhijj_3nonfid": [0.9982040940652741, 0.9954526833799018]}, "THU_qqH_YIELD": {"qqH_hww_GenDeltaPhijj_0fid": [0.9962148077568774, 1.0038140661913475], "qqH_hww_GenDeltaPhijj_0nonfid": [0.9962146707054387, 1.0038142053413974], "qqH_hww_GenDeltaPhijj_1fid": [0.9962141917553035, 1.003814691626637], "qqH_hww_GenDeltaPhijj_1nonfid": [0.9962150282649512, 1.0038138423061145], "qqH_hww_GenDeltaPhijj_2fid": [0.9962140568010702, 1.003814828648], "qqH_hww_GenDeltaPhijj_2nonfid": [0.996215041782535, 1.0038138285815552], "qqH_hww_GenDeltaPhijj_3fid": [0.9962147834044597, 1.0038140909167175], "qqH_hww_GenDeltaPhijj_3nonfid": [0.9962146302642334, 1.0038142464019553]}, "THU_qqH_PTH200": {"qqH_hww_GenDeltaPhijj_0fid": [1.0001788541872398, 0.9998212097679803], "qqH_hww_GenDeltaPhijj_0nonfid": [1.0000819947738326, 0.9999180186703962], "qqH_hww_GenDeltaPhijj_1fid": [0.9997212189869974, 1.0002789365370872], "qqH_hww_GenDeltaPhijj_1nonfid": [0.999654195694482, 1.0003460436324427], "qqH_hww_GenDeltaPhijj_2fid": [0.999698647513217, 1.0003015342226198], "qqH_hww_GenDeltaPhijj_2nonfid": [0.9996640328433929, 1.0003361930564525], "qqH_hww_GenDeltaPhijj_3fid": [1.0001741653201273, 0.9998258953263193], "qqH_hww_GenDeltaPhijj_3nonfid": [1.0000726598657046, 0.9999273506918224]}, "THU_qqH_Mjj60": {"qqH_hww_GenDeltaPhijj_0fid": [0.9970904211347773, 1.002926609266985], "qqH_hww_GenDeltaPhijj_0nonfid": [0.9971456753876597, 1.002870712503496], "qqH_hww_GenDeltaPhijj_1fid": [0.997088391079693, 1.0029286631637435], "qqH_hww_GenDeltaPhijj_1nonfid": [1.0042383389352154, 0.9957972861170086], "qqH_hww_GenDeltaPhijj_2fid": [0.9970814985680199, 1.0029356367519657], "qqH_hww_GenDeltaPhijj_2nonfid": [1.0042587521557127, 0.9957772154305754], "qqH_hww_GenDeltaPhijj_3fid": [0.9970953469738582, 1.0029216256444977], "qqH_hww_GenDeltaPhijj_3nonfid": [0.9971581372818401, 1.0028581074164282]}, "THU_qqH_Mjj120": {"qqH_hww_GenDeltaPhijj_0fid": [0.9937753548871777, 1.0063031144145025], "qqH_hww_GenDeltaPhijj_0nonfid": [0.9952267819360862, 1.004819224483162], "qqH_hww_GenDeltaPhijj_1fid": [0.9937556610693945, 1.0063233086957937], "qqH_hww_GenDeltaPhijj_1nonfid": [0.9980051230088198, 1.0020028679419808], "qqH_hww_GenDeltaPhijj_2fid": [0.9937640013943357, 1.006314756227599], "qqH_hww_GenDeltaPhijj_2nonfid": [0.9977747652744798, 1.0022351823367375], "qqH_hww_GenDeltaPhijj_3fid": [0.9937721690120419, 1.0063063811407396], "qqH_hww_GenDeltaPhijj_3nonfid": [0.995392055037503, 1.0046508062817643]}, "THU_qqH_Mjj350": {"qqH_hww_GenDeltaPhijj_0fid": [0.998982935671472, 1.0010191373860244], "qqH_hww_GenDeltaPhijj_0nonfid": [0.9988481602125651, 1.001154499384569], "qqH_hww_GenDeltaPhijj_1fid": [0.9985687754536118, 1.0014353331141987], "qqH_hww_GenDeltaPhijj_1nonfid": [0.9987009162417583, 1.0013024677881668], "qqH_hww_GenDeltaPhijj_2fid": [0.9985723757761519, 1.0014317121174896], "qqH_hww_GenDeltaPhijj_2nonfid": [0.9988011320419983, 1.0012017494362677], "qqH_hww_GenDeltaPhijj_3fid": [0.9988621334689136, 1.0011404619189026], "qqH_hww_GenDeltaPhijj_3nonfid": [0.9988214297679625, 1.0011813548518165]}, "THU_qqH_Mjj700": {"qqH_hww_GenDeltaPhijj_0fid": [0.9999813164190797, 1.0000186842794692], "qqH_hww_GenDeltaPhijj_0nonfid": [0.9999200981460254, 1.00007991462483], "qqH_hww_GenDeltaPhijj_1fid": [0.9997290565522917, 1.0002710903479228], "qqH_hww_GenDeltaPhijj_1nonfid": [0.9996971226694868, 1.0003030609112322], "qqH_hww_GenDeltaPhijj_2fid": [0.9997227828732576, 1.000277370910563], "qqH_hww_GenDeltaPhijj_2nonfid": [0.9997121308568186, 1.0002880349761167], "qqH_hww_GenDeltaPhijj_3fid": [0.9999406382658964, 1.0000593687829524], "qqH_hww_GenDeltaPhijj_3nonfid": [0.9998689440937548, 1.0001310902667393]}, "THU_qqH_Mjj1000": {"qqH_hww_GenDeltaPhijj_0fid": [1.0000259219820125, 0.9999740793622853], "qqH_hww_GenDeltaPhijj_0nonfid": [0.9999946044690822, 1.000005395589415], "qqH_hww_GenDeltaPhijj_1fid": [0.999868810760353, 1.0001312236698863], "qqH_hww_GenDeltaPhijj_1nonfid": [0.9998958099649735, 1.00010421175093], "qqH_hww_GenDeltaPhijj_2fid": [0.9999767845366041, 1.0000232165413179], "qqH_hww_GenDeltaPhijj_2nonfid": [0.9998943105740816, 1.0001057117714152], "qqH_hww_GenDeltaPhijj_3fid": [1.0000923816008078, 0.9999076354652279], "qqH_hww_GenDeltaPhijj_3nonfid": [1.0000368278508889, 0.999963174861743]}, "THU_qqH_Mjj1500": {"qqH_hww_GenDeltaPhijj_0fid": [1.0000799504016769, 0.9999200623806951], "qqH_hww_GenDeltaPhijj_0nonfid": [1.0000108771647918, 0.9999891230719844], "qqH_hww_GenDeltaPhijj_1fid": [1.000024661833425, 0.9999753393828916], "qqH_hww_GenDeltaPhijj_1nonfid": [0.9999662778389872, 1.0000337244356898], "qqH_hww_GenDeltaPhijj_2fid": [1.0000575508211433, 0.9999424558022475], "qqH_hww_GenDeltaPhijj_2nonfid": [1.0000026014256949, 0.9999973985880085], "qqH_hww_GenDeltaPhijj_3fid": [1.00005131700732, 0.9999486882592874], "qqH_hww_GenDeltaPhijj_3nonfid": [1.0000474567934217, 0.9999525477105872]}, "THU_qqH_PTH25": {"qqH_hww_GenDeltaPhijj_0fid": [1.0046925897323444, 0.9953510415775542], "qqH_hww_GenDeltaPhijj_0nonfid": [1.003469268621585, 0.9965546371572144], "qqH_hww_GenDeltaPhijj_1fid": [1.0048583059583787, 0.9951884460439041], "qqH_hww_GenDeltaPhijj_1nonfid": [1.000937178357306, 0.999064574963312], "qqH_hww_GenDeltaPhijj_2fid": [1.0049784704751936, 0.9950706111581811], "qqH_hww_GenDeltaPhijj_2nonfid": [1.0010547523536615, 0.9989474679680901], "qqH_hww_GenDeltaPhijj_3fid": [1.0049463631647662, 0.9951020905141301], "qqH_hww_GenDeltaPhijj_3nonfid": [1.0034224527093418, 0.9966008143949892]}, "THU_qqH_JET01": {"qqH_hww_GenDeltaPhijj_0fid": [0.9884121373536318, 1.0118627914430174], "qqH_hww_GenDeltaPhijj_0nonfid": [0.9885037431371995, 1.0117668052956612], "qqH_hww_GenDeltaPhijj_1fid": [0.9883800207561161, 1.0118964523015497], "qqH_hww_GenDeltaPhijj_1nonfid": [0.9884234543502066, 1.0118509313458681], "qqH_hww_GenDeltaPhijj_2fid": [0.9883853224242414, 1.0118908954082901], "qqH_hww_GenDeltaPhijj_2nonfid": [0.9884187357617004, 1.0118558763116774], "qqH_hww_GenDeltaPhijj_3fid": [0.9884187240962884, 1.01185588853712], "qqH_hww_GenDeltaPhijj_3nonfid": [0.9885020244196485, 1.0117686058666648]}, "THU_qqH_EWK": {"qqH_hww_GenDeltaPhijj_0fid": [1.143410721740722, 0.8885542959617283], "qqH_hww_GenDeltaPhijj_0nonfid": [1.1271328914760128, 0.8986395920196477], "qqH_hww_GenDeltaPhijj_1fid": [1.106122759937269, 0.9124577008555508], "qqH_hww_GenDeltaPhijj_1nonfid": [1.0693854866297263, 0.9390698496371771], "qqH_hww_GenDeltaPhijj_2fid": [1.1042824909565239, 0.9137137907209779], "qqH_hww_GenDeltaPhijj_2nonfid": [1.0704164341754416, 0.9382762925852655], "qqH_hww_GenDeltaPhijj_3fid": [1.1448374100784697, 0.8876946282781103], "qqH_hww_GenDeltaPhijj_3nonfid": [1.1241290300256759, 0.9005581986625598]}, "PS_ISR": {"ggH_hww_GenDeltaPhijj_0fid": [0.9934915217773477, 1.0043718164877635],