{"info": "[nominal/up, nominal/down]", "QCDscale_ren_qqH_hww": {"qqH_hww_GenDeltaPhijj_0fid": [1.008989575130254, 0.9928823276880402], "qqH_hww_GenDeltaPhijj_0nonfid": [1.0107021717564046, 0.9915524939660522], "qqH_hww_GenDeltaPhijj_1fid": [1.0054263000796655, 0.9956753393284146], "qqH_hww_GenDeltaPhijj_1nonfid": [1.0062705197425472, 0.9950104819206254], "qqH_hww_GenDeltaPhijj_2fid": [1.005404140422616, 0.9956928515716562], "qqH_hww_GenDeltaPhijj_2nonfid": [1.0062258508792585, 0.9950455544706521], "qqH_hww_GenDeltaPhijj_3fid": [1.0092377488185333, 0.9926891089475944], "qqH_hww_GenDeltaPhijj_3nonfid": [1.0102775760233846, 0.9918813201739558]}, "QCDscale_fac_qqH_hww": {"qqH_hww_GenDeltaPhijj_0fid": [0.9983743837708526, 0.9952386302359316], "qqH_hww_GenDeltaPhijj_0nonfid": [0.9986310080326782, 0.9950753807668906], "qqH_hww_GenDeltaPhijj_1fid": [0.9963873503203624, 0.9969007341906565], "qqH_hww_GenDeltaPhijj_1nonfid": [0.9968959472914015, 0.9966618453004016], "qqH_hww_GenDeltaPhijj_2fid": [0.9965775156859167, 0.9967550835912187], "qqH_hww_GenDeltaPhijj_2nonfid": [0.9964783426982199, 0.9968740433435918], "qqH_hww_GenDeltaPhijj_3fid": [0.9986217060934766, 0.9950144388740256], "qqH_hww_GenDeltaPhijj_3nonfid": [0.998550641453963, 0.9951609132313081]}, "THU_qqH_YIELD": {"qqH_hww_GenDeltaPhijj_0fid": [0.9962147386194474, 1.0038141363874855], "qqH_hww_GenDeltaPhijj_0nonfid": [0.99621476259515, 1.0038141120444262], "qqH_hww_GenDeltaPhijj_1fid": [0.9962142885075711, 1.0038145933926825], "qqH_hww_GenDeltaPhijj_1nonfid": [0.9962149929186058, 1.0038138781938228], "qqH_hww_GenDeltaPhijj_2fid": [0.9962142287066913, 1.003814654109532], "qqH_hww_GenDeltaPhijj_2nonfid": [0.9962150334992649, 1.0038138369917438], "qqH_hww_GenDeltaPhijj_3fid": [0.9962147721378495, 1.00381410235574], "qqH_hww_GenDeltaPhijj_3nonfid": [0.9962147931957176, 1.0038140809752196]}, "THU_qqH_PTH200": {"qqH_hww_GenDeltaPhijj_0fid": [1.0001717636147944, 0.9998282953708799], "qqH_hww_GenDeltaPhijj_0nonfid": [1.0000880180793215, 0.9999119974125911], "qqH_hww_GenDeltaPhijj_1fid": [0.9996828184817591, 1.0003173828542054], "qqH_hww_GenDeltaPhijj_1nonfid": [0.9996532170879017, 1.0003470235960255], "qqH_hww_GenDeltaPhijj_2fid": [0.9997200603128922, 1.0002800965074001], "qqH_hww_GenDeltaPhijj_2nonfid": [0.9996771316192528, 1.000323077003665], "qqH_hww_GenDeltaPhijj_3fid": [1.0001776233482242, 0.9998224397299201], "qqH_hww_GenDeltaPhijj_3nonfid": [1.0000987609229448, 0.9999012585809124]}, "THU_qqH_Mjj60": {"qqH_hww_GenDeltaPhijj_0fid": [0.9970889072782109, 1.002928140901729], "qqH_hww_GenDeltaPhijj_0nonfid": [0.9971563310177491, 1.002859934396105], "qqH_hww_GenDeltaPhijj_1fid": [0.9970721791338579, 1.002945066118244], "qqH_hww_GenDeltaPhijj_1nonfid": [1.0041063701679451, 0.9959270796695591], "qqH_hww_GenDeltaPhijj_2fid": [0.9970787739424017, 1.0029383934808744], "qqH_hww_GenDeltaPhijj_2nonfid": [1.004423012353152, 0.9956157706484406], "qqH_hww_GenDeltaPhijj_3fid": [0.9970944435329151, 1.0029225396757793], "qqH_hww_GenDeltaPhijj_3nonfid": [0.9971393352526142, 1.0028771257320817]}, "THU_qqH_Mjj120": {"qqH_hww_GenDeltaPhijj_0fid": [0.9937629775862956, 1.0063158060619841], "qqH_hww_GenDeltaPhijj_0nonfid": [0.9952318598162525, 1.0048140482982573], "qqH_hww_GenDeltaPhijj_1fid": [0.9937502025270032, 1.00632890623747], "qqH_hww_GenDeltaPhijj_1nonfid": [0.9979303070057897, 1.002078295863204], "qqH_hww_GenDeltaPhijj_2fid": [0.9937600092680996, 1.0063188498611009], "qqH_hww_GenDeltaPhijj_2nonfid": [0.9979661218483601, 1.0020421852638433], "qqH_hww_GenDeltaPhijj_3fid": [0.993775887438867, 1.006302568351139], "qqH_hww_GenDeltaPhijj_3nonfid": [0.9951739741455609, 1.0048730608903675]}, "THU_qqH_Mjj350": {"qqH_hww_GenDeltaPhijj_0fid": [0.9989573850398598, 1.001044793595476], "qqH_hww_GenDeltaPhijj_0nonfid": [0.9988747851628622, 1.0011277527657094], "qqH_hww_GenDeltaPhijj_1fid": [0.9985057748531896, 1.0014987039490888], "qqH_hww_GenDeltaPhijj_1nonfid": [0.9987268582459647, 1.001276391809676], "qqH_hww_GenDeltaPhijj_2fid": [0.9984861093318397, 1.001518488318794], "qqH_hww_GenDeltaPhijj_2nonfid": [0.9987847567426317, 1.0012182040861988], "qqH_hww_GenDeltaPhijj_3fid": [0.9989639769772917, 1.001038174167855], "qqH_hww_GenDeltaPhijj_3nonfid": [0.9988369401315665, 1.0011657715930204]}, "THU_qqH_Mjj700": {"qqH_hww_GenDeltaPhijj_0fid": [1.0000719568551864, 0.9999280534992403], "qqH_hww_GenDeltaPhijj_0nonfid": [0.9999141810187949, 1.0000858337137197], "qqH_hww_GenDeltaPhijj_1fid": [0.9996517778043907, 1.0003484648819654], "qqH_hww_GenDeltaPhijj_1nonfid": [0.9996451666292224, 1.0003550853631673], "qqH_hww_GenDeltaPhijj_2fid": [0.9997079419759565, 1.0002922287194997], "qqH_hww_GenDeltaPhijj_2nonfid": [0.9996659662701254, 1.0003342570362526], "qqH_hww_GenDeltaPhijj_3fid": [1.000032286737725, 0.9999677153473466], "qqH_hww_GenDeltaPhijj_3nonfid": [0.9998802404685847, 1.000119788223162]}, "THU_qqH_Mjj1000": {"qqH_hww_GenDeltaPhijj_0fid": [1.0000742235720728, 0.9999257874447762], "qqH_hww_GenDeltaPhijj_0nonfid": [1.0000027865473304, 0.9999972134683103], "qqH_hww_GenDeltaPhijj_1fid": [1.0000153293083731, 0.9999846711615716], "qqH_hww_GenDeltaPhijj_1nonfid": [0.9999496853272565, 1.0000503197364947], "qqH_hww_GenDeltaPhijj_2fid": [0.9998903563523154, 1.000109667696399], "qqH_hww_GenDeltaPhijj_2nonfid": [0.9999617961774516, 1.0000382067419515], "qqH_hww_GenDeltaPhijj_3fid": [1.0000597449077486, 0.9999402622304953], "qqH_hww_GenDeltaPhijj_3nonfid": [0.999988573578455, 1.0000114266827842]}, "THU_qqH_Mjj1500": {"qqH_hww_GenDeltaPhijj_0fid": [1.0000366566634054, 0.9999633460240065], "qqH_hww_GenDeltaPhijj_0nonfid": [1.0000653143675242, 0.9999346941634174], "qqH_hww_GenDeltaPhijj_1fid": [0.9999861217533759, 1.0000138786318815], "qqH_hww_GenDeltaPhijj_1nonfid": [0.9999545178618856, 1.0000454862758414], "qqH_hww_GenDeltaPhijj_2fid": [0.9999986659003173, 1.000001334103289], "qqH_hww_GenDeltaPhijj_2nonfid": [1.0000215352582142, 0.9999784656693832], "qqH_hww_GenDeltaPhijj_3fid": [1.0000635841137961, 0.9999364239712338], "qqH_hww_GenDeltaPhijj_3nonfid": [1.000043011986284, 0.9999569917135854]}, "THU_qqH_PTH25": {"qqH_hww_GenDeltaPhijj_0fid": [1.0045592770676883, 0.9954819212781428], "qqH_hww_GenDeltaPhijj_0nonfid": [1.0036722414013912, 0.9963545326709721], "qqH_hww_GenDeltaPhijj_1fid": [1.0050213152357268, 0.9950286105910315], "qqH_hww_GenDeltaPhijj_1nonfid": [1.0008643523302867, 0.9991371393012766], "qqH_hww_GenDeltaPhijj_2fid": [1.0052567789968818, 0.9947979134418526], "qqH_hww_GenDeltaPhijj_2nonfid": [1.0008651313267702, 0.9991363629923529], "qqH_hww_GenDeltaPhijj_3fid": [1.0045782270698596, 0.9954633128979311], "qqH_hww_GenDeltaPhijj_3nonfid": [1.0032789555929498, 0.9967424074101982]}, "THU_qqH_JET01": {"qqH_hww_GenDeltaPhijj_0fid": [0.9884041883536248, 1.0118711222420478], "qqH_hww_GenDeltaPhijj_0nonfid": [0.9884802906097699, 1.0117913758365242], "qqH_hww_GenDeltaPhijj_1fid": [0.9883789763785932, 1.0118975469702565], "qqH_hww_GenDeltaPhijj_1nonfid": [0.988436444392375, 1.011837318591659], "qqH_hww_GenDeltaPhijj_2fid": [0.9883845596365124, 1.0118916949096934], "qqH_hww_GenDeltaPhijj_2nonfid": [0.9884268420254427, 1.011847381203552], "qqH_hww_GenDeltaPhijj_3fid": [0.9884103527552327, 1.0118646617336682], "qqH_hww_GenDeltaPhijj_3nonfid": [0.988479353793424, 1.011792357361168]}, "THU_qqH_EWK": {"qqH_hww_GenDeltaPhijj_0fid": [1.1445292825155438, 0.8878799719145252], "qqH_hww_GenDeltaPhijj_0nonfid": [1.1269505393849315, 0.8987555385874869], "qqH_hww_GenDeltaPhijj_1fid": [1.1030620276419225, 0.9145510553493023], "qqH_hww_GenDeltaPhijj_1nonfid": [1.0689704097302422, 0.9393901611134062], "qqH_hww_GenDeltaPhijj_2fid": [1.106959750833546, 0.9118889261713464], "qqH_hww_GenDeltaPhijj_2nonfid": [1.0711822295009248, 0.9376886868811856], "qqH_hww_GenDeltaPhijj_3fid": [1.1438741749346157, 0.888274619067621], "qqH_hww_GenDeltaPhijj_3nonfid": [1.1276544309835104, 0.898308348765112]}, "PS_ISR": {"ggH_hww_GenDeltaPhijj_0fid": [0.9995961546846301, 0.9999782479627405],