{"info": "[nominal/up, nominal/down]", "THU_qqH_YIELD": {"qqH_hww_GenDeltaPhijj_0fid": [0.9962147386194474, 1.0038141363874855], "qqH_hww_GenDeltaPhijj_0nonfid": [0.9962147024128885, 1.0038141731484262], "qqH_hww_GenDeltaPhijj_1fid": [0.9962142885075711, 1.0038145933926825], "qqH_hww_GenDeltaPhijj_1nonfid": [0.9962149083585997, 1.0038139640488313], "qqH_hww_GenDeltaPhijj_2fid": [0.9962142287066913, 1.003814654109532], "qqH_hww_GenDeltaPhijj_2nonfid": [0.9962149303752534, 1.003813941695028], "qqH_hww_GenDeltaPhijj_3fid": [0.9962147721378495, 1.00381410235574], "qqH_hww_GenDeltaPhijj_3nonfid": [0.9962147275030664, 1.0038141476739915]}, "THU_qqH_PTH200": {"qqH_hww_GenDeltaPhijj_0fid": [1.0001717636147944, 0.9998282953708799], "qqH_hww_GenDeltaPhijj_0nonfid": [1.0000988650994243, 0.9999011544456631], "qqH_hww_GenDeltaPhijj_1fid": [0.9996828184817591, 1.0003173828542054], "qqH_hww_GenDeltaPhijj_1nonfid": [0.999672501318213, 1.0003277133334199], "qqH_hww_GenDeltaPhijj_2fid": [0.9997200603128922, 1.0002800965074001], "qqH_hww_GenDeltaPhijj_2nonfid": [0.9996979909233813, 1.0003021916061015], "qqH_hww_GenDeltaPhijj_3fid": [1.0001776233482242, 0.9998224397299201], "qqH_hww_GenDeltaPhijj_3nonfid": [1.0001080175148673, 0.9998920058159826]}, "THU_qqH_Mjj60": {"qqH_hww_GenDeltaPhijj_0fid": [0.9970889072782109, 1.002928140901729], "qqH_hww_GenDeltaPhijj_0nonfid": [0.9971572415531302, 1.0028590134164206], "qqH_hww_GenDeltaPhijj_1fid": [0.9970721791338579, 1.002945066118244], "qqH_hww_GenDeltaPhijj_1nonfid": [1.0038059176004661, 0.9962228335684327], "qqH_hww_GenDeltaPhijj_2fid": [0.9970787739424017, 1.0029383934808744], "qqH_hww_GenDeltaPhijj_2nonfid": [1.0040890568637464, 0.9959441126448163], "qqH_hww_GenDeltaPhijj_3fid": [0.9970944435329151, 1.0029225396757793], "qqH_hww_GenDeltaPhijj_3nonfid": [0.9971366297420814, 1.002879862483549]}, "THU_qqH_Mjj120": {"qqH_hww_GenDeltaPhijj_0fid": [0.9937629775862956, 1.0063158060619841], "qqH_hww_GenDeltaPhijj_0nonfid": [0.9951620801644295, 1.0048851881329925], "qqH_hww_GenDeltaPhijj_1fid": [0.9937502025270032, 1.00632890623747], "qqH_hww_GenDeltaPhijj_1nonfid": [0.9977442855647398, 1.0022659370493505], "qqH_hww_GenDeltaPhijj_2fid": [0.9937600092680996, 1.0063188498611009], "qqH_hww_GenDeltaPhijj_2nonfid": [0.9977717742219322, 1.0022382002091417], "qqH_hww_GenDeltaPhijj_3fid": [0.993775887438867, 1.006302568351139], "qqH_hww_GenDeltaPhijj_3nonfid": [0.9951063129299272, 1.0049420568295664]}, "THU_qqH_Mjj350": {"qqH_hww_GenDeltaPhijj_0fid": [0.9989573850398598, 1.001044793595476], "qqH_hww_GenDeltaPhijj_0nonfid": [0.9987114800818055, 1.0012918490650211], "qqH_hww_GenDeltaPhijj_1fid": [0.9985057748531896, 1.0014987039490888], "qqH_hww_GenDeltaPhijj_1nonfid": [0.9985852476783134, 1.001418766728988], "qqH_hww_GenDeltaPhijj_2fid": [0.9984861093318397, 1.001518488318794], "qqH_hww_GenDeltaPhijj_2nonfid": [0.9986405184730159, 1.0013631879850076], "qqH_hww_GenDeltaPhijj_3fid": [0.9989639769772917, 1.001038174167855], "qqH_hww_GenDeltaPhijj_3nonfid": [0.9986745327939757, 1.0013289902723856]}, "THU_qqH_Mjj700": {"qqH_hww_GenDeltaPhijj_0fid": [1.0000719568551864, 0.9999280534992403], "qqH_hww_GenDeltaPhijj_0nonfid": [0.9997764570662018, 1.0002236429216147], "qqH_hww_GenDeltaPhijj_1fid": [0.9996517778043907, 1.0003484648819654], "qqH_hww_GenDeltaPhijj_1nonfid": [0.9995203117576121, 1.00048014888608], "qqH_hww_GenDeltaPhijj_2fid": [0.9997079419759565, 1.0002922287194997], "qqH_hww_GenDeltaPhijj_2nonfid": [0.9995393901592989, 1.0004610345549607], "qqH_hww_GenDeltaPhijj_3fid": [1.000032286737725, 0.9999677153473466], "qqH_hww_GenDeltaPhijj_3nonfid": [0.9997295822186727, 1.000270564112238]}, "THU_qqH_Mjj1000": {"qqH_hww_GenDeltaPhijj_0fid": [1.0000742235720728, 0.9999257874447762], "qqH_hww_GenDeltaPhijj_0nonfid": [0.9998673661828417, 1.0001326690101005], "qqH_hww_GenDeltaPhijj_1fid": [1.0000153293083731, 0.9999846711615716], "qqH_hww_GenDeltaPhijj_1nonfid": [0.9998456308499786, 1.0001544168245526], "qqH_hww_GenDeltaPhijj_2fid": [0.9998903563523154, 1.000109667696399], "qqH_hww_GenDeltaPhijj_2nonfid": [0.9998449264990191, 1.0001551216116351], "qqH_hww_GenDeltaPhijj_3fid": [1.0000597449077486, 0.9999402622304953], "qqH_hww_GenDeltaPhijj_3nonfid": [0.9998603870309783, 1.0001396519636157]}, "THU_qqH_Mjj1500": {"qqH_hww_GenDeltaPhijj_0fid": [1.0000366566634054, 0.9999633460240065], "qqH_hww_GenDeltaPhijj_0nonfid": [0.9999687992606072, 1.0000312026866431], "qqH_hww_GenDeltaPhijj_1fid": [0.9999861217533759, 1.0000138786318815], "qqH_hww_GenDeltaPhijj_1nonfid": [0.9998652323146039, 1.0001348040199747], "qqH_hww_GenDeltaPhijj_2fid": [0.9999986659003173, 1.000001334103289], "qqH_hww_GenDeltaPhijj_2nonfid": [0.9999193392824578, 1.0000806737320789], "qqH_hww_GenDeltaPhijj_3fid": [1.0000635841137961, 0.9999364239712338], "qqH_hww_GenDeltaPhijj_3nonfid": [0.9999446257887183, 1.0000553803447279]}, "THU_qqH_PTH25": {"qqH_hww_GenDeltaPhijj_0fid": [1.0045592770676883, 0.9954819212781428], "qqH_hww_GenDeltaPhijj_0nonfid": [1.0039790350717495, 0.9960523803625436], "qqH_hww_GenDeltaPhijj_1fid": [1.0050213152357268, 0.9950286105910315], "qqH_hww_GenDeltaPhijj_1nonfid": [1.001180531114307, 0.9988222496279204], "qqH_hww_GenDeltaPhijj_2fid": [1.0052567789968818, 0.9947979134418526], "qqH_hww_GenDeltaPhijj_2nonfid": [1.0012719307863966, 0.9987312966196978], "qqH_hww_GenDeltaPhijj_3fid": [1.0045782270698596, 0.9954633128979311], "qqH_hww_GenDeltaPhijj_3nonfid": [1.0035956346295112, 0.9964300379293082]}, "THU_qqH_JET01": {"qqH_hww_GenDeltaPhijj_0fid": [0.9884041883536248, 1.0118711222420478], "qqH_hww_GenDeltaPhijj_0nonfid": [0.98847999990551, 1.0117916804139149], "qqH_hww_GenDeltaPhijj_1fid": [0.9883789763785932, 1.0118975469702565], "qqH_hww_GenDeltaPhijj_1nonfid": [0.9884373972801701, 1.0118363200532423], "qqH_hww_GenDeltaPhijj_2fid": [0.9883845596365124, 1.0118916949096934], "qqH_hww_GenDeltaPhijj_2nonfid": [0.9884330988599844, 1.011840824431798], "qqH_hww_GenDeltaPhijj_3fid": [0.9884103527552327, 1.0118646617336682], "qqH_hww_GenDeltaPhijj_3nonfid": [0.9884765775574328, 1.0117952661114662]}, "THU_qqH_EWK": {"qqH_hww_GenDeltaPhijj_0fid": [1.1445292825155438, 0.8878799719145252], "qqH_hww_GenDeltaPhijj_0nonfid": [1.128792627685811, 0.8975873586817711], "qqH_hww_GenDeltaPhijj_1fid": [1.1030620276419225, 0.9145510553493023], "qqH_hww_GenDeltaPhijj_1nonfid": [1.0717296560587923, 0.9372696034757403], "qqH_hww_GenDeltaPhijj_2fid": [1.106959750833546, 0.9118889261713464], "qqH_hww_GenDeltaPhijj_2nonfid": [1.0742557837958875, 0.9353460723505842], "qqH_hww_GenDeltaPhijj_3fid": [1.1438741749346157, 0.888274619067621], "qqH_hww_GenDeltaPhijj_3nonfid": [1.129134917537668, 0.8973710455916606]}, "PS_ISR": {"ggH_hww_GenDeltaPhijj_0fid": [0.9995961546846301, 0.9999782479627405], "ggH_hww_GenDeltaPhijj_0nonfid": [1.0019583081274084, 0.9984912590878303], "ggH_hww_GenDeltaPhijj_1fid": [0.9947473468980068, 1.0044807818707626], "ggH_hww_GenDeltaPhijj_1nonfid": [0.9964031568494363, 1.0028030039043052], "ggH_hww_GenDeltaPhijj_2fid": [0.9986731787760639, 1.0007616975800044], "ggH_hww_GenDeltaPhijj_2nonfid": [1.0000601906575706, 0.9998610753188775], "ggH_hww_GenDeltaPhijj_3fid": [1.0015808307454372, 0.9984028679024038], "ggH_hww_GenDeltaPhijj_3nonfid": [1.0001940546850903, 0.999452519586988], "qqH_hww_GenDeltaPhijj_0fid": [1.0015002287763688, 0.9987377748223901], "qqH_hww_GenDeltaPhijj_0nonfid": [1.0004654880200807, 0.9998704841737064], "qqH_hww_GenDeltaPhijj_1fid": [1.0002807184617823, 0.9998907366951956], "qqH_hww_GenDeltaPhijj_1nonfid": [0.9991376320866608, 1.0006799287113408], "qqH_hww_GenDeltaPhijj_2fid": [1.0008798049857197, 0.9993015336623292], "qqH_hww_GenDeltaPhijj_2nonfid": [0.9987315876529024, 1.0008581030620691], "qqH_hww_GenDeltaPhijj_3fid": [1.0009207928730182, 0.9994474016998667], "qqH_hww_GenDeltaPhijj_3nonfid": [1.0012952138602407, 0.9990867924621214]}, "PS_FSR": {"ggH_hww_GenDeltaPhijj_0fid": [0.9999545654284582, 0.9891865983402937],