{"info": "[nominal/up, nominal/down]", "THU_qqH_YIELD": {"qqH_hww_GenDeltaPhijj_0fid": [0.9962147947654125, 1.0038140793828383], "qqH_hww_GenDeltaPhijj_0nonfid": [0.9962146763542401, 1.0038141996072987], "qqH_hww_GenDeltaPhijj_1fid": [0.9962141128708889, 1.0038147717205776], "qqH_hww_GenDeltaPhijj_1nonfid": [0.9962149209580402, 1.0038139512574193], "qqH_hww_GenDeltaPhijj_2fid": [0.9962141851980288, 1.00381469828561], "qqH_hww_GenDeltaPhijj_2nonfid": [0.9962149039371315, 1.0038139685389749], "qqH_hww_GenDeltaPhijj_3fid": [0.9962148061000521, 1.0038140678746363], "qqH_hww_GenDeltaPhijj_3nonfid": [0.9962147183168679, 1.003814157002031]}, "THU_qqH_PTH200": {"qqH_hww_GenDeltaPhijj_0fid": [1.0001722234916621, 0.9998278358120906], "qqH_hww_GenDeltaPhijj_0nonfid": [1.0000920308649137, 0.9999079860733862], "qqH_hww_GenDeltaPhijj_1fid": [0.999703794588991, 1.0002963809917815], "qqH_hww_GenDeltaPhijj_1nonfid": [0.9996777232105976, 1.0003224846498002], "qqH_hww_GenDeltaPhijj_2fid": [0.9996888613592035, 1.000311332377372], "qqH_hww_GenDeltaPhijj_2nonfid": [0.9996968951690566, 1.000303288689217], "qqH_hww_GenDeltaPhijj_3fid": [1.0001752880486723, 0.9998247733839254], "qqH_hww_GenDeltaPhijj_3nonfid": [1.0000954837210683, 0.9999045345117636]}, "THU_qqH_Mjj60": {"qqH_hww_GenDeltaPhijj_0fid": [0.9970873434491037, 1.0029297231062038], "qqH_hww_GenDeltaPhijj_0nonfid": [0.9971569748482629, 1.0028592831805938], "qqH_hww_GenDeltaPhijj_1fid": [0.9970811549804435, 1.0029359843869214], "qqH_hww_GenDeltaPhijj_1nonfid": [1.0039550773268322, 0.9960759624183251], "qqH_hww_GenDeltaPhijj_2fid": [0.9970733940751961, 1.0029438368259695], "qqH_hww_GenDeltaPhijj_2nonfid": [1.003948783943597, 0.9960821574846405], "qqH_hww_GenDeltaPhijj_3fid": [0.9970914777469346, 1.0029255402518569], "qqH_hww_GenDeltaPhijj_3nonfid": [0.9971575745465197, 1.0028586766046153]}, "THU_qqH_Mjj120": {"qqH_hww_GenDeltaPhijj_0fid": [0.9937682520081457, 1.0063103976083476], "qqH_hww_GenDeltaPhijj_0nonfid": [0.9951887088958002, 1.0048580379752219], "qqH_hww_GenDeltaPhijj_1fid": [0.9937575795641769, 1.006321341378253], "qqH_hww_GenDeltaPhijj_1nonfid": [0.9976840759391745, 1.0023267009876138], "qqH_hww_GenDeltaPhijj_2fid": [0.9937543246036619, 1.0063246791839022], "qqH_hww_GenDeltaPhijj_2nonfid": [0.9977042688314349, 1.002306320553701], "qqH_hww_GenDeltaPhijj_3fid": [0.9937670944189712, 1.0063115846040591], "qqH_hww_GenDeltaPhijj_3nonfid": [0.9951491060665946, 1.004898417340566]}, "THU_qqH_Mjj350": {"qqH_hww_GenDeltaPhijj_0fid": [0.9990035530181289, 1.0009984367618363], "qqH_hww_GenDeltaPhijj_0nonfid": [0.9986682457277971, 1.0013353108854093], "qqH_hww_GenDeltaPhijj_1fid": [0.9985773553473101, 1.0014267040396228], "qqH_hww_GenDeltaPhijj_1nonfid": [0.99854810736054, 1.0014561209029351], "qqH_hww_GenDeltaPhijj_2fid": [0.9985398849341315, 1.0014643914270207], "qqH_hww_GenDeltaPhijj_2nonfid": [0.9986315879363977, 1.001372167445595], "qqH_hww_GenDeltaPhijj_3fid": [0.9989952983343564, 1.0010067245827343], "qqH_hww_GenDeltaPhijj_3nonfid": [0.9987048533333349, 1.0012985101902183]}, "THU_qqH_Mjj700": {"qqH_hww_GenDeltaPhijj_0fid": [0.9999876195640319, 1.0000123807431112], "qqH_hww_GenDeltaPhijj_0nonfid": [0.9997297093801101, 1.0002704368135402], "qqH_hww_GenDeltaPhijj_1fid": [0.9996721397549099, 1.0003280753713757], "qqH_hww_GenDeltaPhijj_1nonfid": [0.9995524792240804, 1.000447921684955], "qqH_hww_GenDeltaPhijj_2fid": [0.9996972248928516, 1.0003029585642997], "qqH_hww_GenDeltaPhijj_2nonfid": [0.9995590582314752, 1.0004413309715385], "qqH_hww_GenDeltaPhijj_3fid": [1.0000003091398346, 0.9999996908609634], "qqH_hww_GenDeltaPhijj_3nonfid": [0.9997326654661339, 1.0002674775464042]}, "THU_qqH_Mjj1000": {"qqH_hww_GenDeltaPhijj_0fid": [1.000055760435725, 0.9999442457821595], "qqH_hww_GenDeltaPhijj_0nonfid": [0.9998900236606953, 1.0001100005343762], "qqH_hww_GenDeltaPhijj_1fid": [0.9999175857144159, 1.0000824278723068], "qqH_hww_GenDeltaPhijj_1nonfid": [0.9998011810276548, 1.0001988980620529], "qqH_hww_GenDeltaPhijj_2fid": [0.999964304102651, 1.0000356984461802], "qqH_hww_GenDeltaPhijj_2nonfid": [0.9998051324880387, 1.0001949434885393], "qqH_hww_GenDeltaPhijj_3fid": [1.0000511715490736, 0.9999488336875869], "qqH_hww_GenDeltaPhijj_3nonfid": [0.9998842091768145, 1.0001158176445897]}, "THU_qqH_Mjj1500": {"qqH_hww_GenDeltaPhijj_0fid": [1.0000784129096143, 0.999921599385849], "qqH_hww_GenDeltaPhijj_0nonfid": [0.9999458814889586, 1.0000541243695458], "qqH_hww_GenDeltaPhijj_1fid": [1.0000306285412803, 0.9999693733351207], "qqH_hww_GenDeltaPhijj_1nonfid": [0.9999186571776366, 1.0000813560581538], "qqH_hww_GenDeltaPhijj_2fid": [0.9999765170831194, 1.0000234840201179], "qqH_hww_GenDeltaPhijj_2nonfid": [0.9999137498248741, 1.0000862650561946], "qqH_hww_GenDeltaPhijj_3fid": [1.0000649775087394, 0.9999350309345303], "qqH_hww_GenDeltaPhijj_3nonfid": [0.9999294496212985, 1.0000705603350584]}, "THU_qqH_PTH25": {"qqH_hww_GenDeltaPhijj_0fid": [1.0047151085785868, 0.9953289405275552], "qqH_hww_GenDeltaPhijj_0nonfid": [1.0037819180186993, 0.9962464730447521], "qqH_hww_GenDeltaPhijj_1fid": [1.0049427623513916, 0.9951056211526564], "qqH_hww_GenDeltaPhijj_1nonfid": [1.001401903680025, 0.9986020159988345], "qqH_hww_GenDeltaPhijj_2fid": [1.0050657745013731, 0.9949850348646921], "qqH_hww_GenDeltaPhijj_2nonfid": [1.0014203531186805, 0.9985836702590795], "qqH_hww_GenDeltaPhijj_3fid": [1.0047683962913727, 0.9952766493252704], "qqH_hww_GenDeltaPhijj_3nonfid": [1.0036495509113943, 0.9963768945055181]}, "THU_qqH_JET01": {"qqH_hww_GenDeltaPhijj_0fid": [0.988402042679988, 1.0118733710218462], "qqH_hww_GenDeltaPhijj_0nonfid": [0.9884966749728662, 1.0117742101611364], "qqH_hww_GenDeltaPhijj_1fid": [0.9883868346494002, 1.0118893104067963], "qqH_hww_GenDeltaPhijj_1nonfid": [0.9884261723225654, 1.0118480830209005], "qqH_hww_GenDeltaPhijj_2fid": [0.9883782902124161, 1.0118982661815432], "qqH_hww_GenDeltaPhijj_2nonfid": [0.9884226196221086, 1.0118518061140542], "qqH_hww_GenDeltaPhijj_3fid": [0.9884051751382242, 1.0118700880468876], "qqH_hww_GenDeltaPhijj_3nonfid": [0.9884911550209531, 1.011779993211667]}, "THU_qqH_EWK": {"qqH_hww_GenDeltaPhijj_0fid": [1.1431241292155527, 0.8887274456727855], "qqH_hww_GenDeltaPhijj_0nonfid": [1.127620738592797, 0.8983297310426487], "qqH_hww_GenDeltaPhijj_1fid": [1.1036309716893853, 0.9141603259700347], "qqH_hww_GenDeltaPhijj_1nonfid": [1.0736276591735148, 0.9358227780728497], "qqH_hww_GenDeltaPhijj_2fid": [1.1038521956802159, 0.9140085964560767], "qqH_hww_GenDeltaPhijj_2nonfid": [1.074123416783968, 0.9354464435553489], "qqH_hww_GenDeltaPhijj_3fid": [1.1436324215395153, 0.8884204580659755], "qqH_hww_GenDeltaPhijj_3nonfid": [1.1274816035871715, 0.8984180549218792]}, "PS_ISR": {"ggH_hww_GenDeltaPhijj_0fid": [0.9990277680056711, 1.0007453752028614], "ggH_hww_GenDeltaPhijj_0nonfid": [1.0010734441862417, 0.9991860691769343], "ggH_hww_GenDeltaPhijj_1fid": [0.9926868520259323, 1.005078819834285], "ggH_hww_GenDeltaPhijj_1nonfid": [1.0004535185618397, 0.9996474627700843], "ggH_hww_GenDeltaPhijj_2fid": [0.9998559178210511, 0.9995794794238477], "ggH_hww_GenDeltaPhijj_2nonfid": [0.9990575783925757, 1.0006549234910895], "ggH_hww_GenDeltaPhijj_3fid": [0.9977515783670571, 1.0019965540281015], "ggH_hww_GenDeltaPhijj_3nonfid": [0.9995498257455402, 1.0006991404022019], "qqH_hww_GenDeltaPhijj_0fid": [1.0012619030111978, 0.9991655277818305], "qqH_hww_GenDeltaPhijj_0nonfid": [1.0000700695389306, 0.9999328579376603], "qqH_hww_GenDeltaPhijj_1fid": [1.0002017594568058, 0.9998263979589678], "qqH_hww_GenDeltaPhijj_1nonfid": [0.9997364147882952, 1.0002466059339763], "qqH_hww_GenDeltaPhijj_2fid": [1.0009412052879438, 0.9993278168877113], "qqH_hww_GenDeltaPhijj_2nonfid": [0.9998093147954302, 1.0001980941625312], "qqH_hww_GenDeltaPhijj_3fid": [1.000481707421757, 0.9997142493070154], "qqH_hww_GenDeltaPhijj_3nonfid": [0.9999486171648618, 1.0000266644831943]}, "PS_FSR": {"ggH_hww_GenDeltaPhijj_0fid": [1.0280536740077688, 0.9849325105120647],