{"info": "[nominal/up, nominal/down]", "THU_qqH_YIELD": {"qqH_hww_GenDeltaPhijj_0fid": [0.9962147569977288, 1.0038141177287394], "qqH_hww_GenDeltaPhijj_0nonfid": [0.9962146574082794, 1.0038142188430144], "qqH_hww_GenDeltaPhijj_1fid": [0.9962141939523473, 1.003814689396426], "qqH_hww_GenDeltaPhijj_1nonfid": [0.9962149409079428, 1.0038139310017298], "qqH_hww_GenDeltaPhijj_2fid": [0.9962141082161013, 1.003814776445913], "qqH_hww_GenDeltaPhijj_2nonfid": [0.9962149362745563, 1.0038139357060551], "qqH_hww_GenDeltaPhijj_3fid": [0.9962147593636395, 1.0038141153265958], "qqH_hww_GenDeltaPhijj_3nonfid": [0.9962146505089959, 1.0038142258479579]}, "THU_qqH_PTH200": {"qqH_hww_GenDeltaPhijj_0fid": [1.0001683564981019, 0.999831700170773], "qqH_hww_GenDeltaPhijj_0nonfid": [1.0000900639359163, 0.9999099522843413], "qqH_hww_GenDeltaPhijj_1fid": [0.9996979336955801, 1.0003022489030702], "qqH_hww_GenDeltaPhijj_1nonfid": [0.999684288752767, 1.0003159107205137], "qqH_hww_GenDeltaPhijj_2fid": [0.9996814689343648, 1.0003187341193114], "qqH_hww_GenDeltaPhijj_2nonfid": [0.9996829867920073, 1.000317214330402], "qqH_hww_GenDeltaPhijj_3fid": [1.0001730487659395, 0.9998270111052283], "qqH_hww_GenDeltaPhijj_3nonfid": [1.0001007886706819, 0.999899231642086]}, "THU_qqH_Mjj60": {"qqH_hww_GenDeltaPhijj_0fid": [0.9970924478248234, 1.0029245587907338], "qqH_hww_GenDeltaPhijj_0nonfid": [0.9971574230666153, 1.0028588298218803], "qqH_hww_GenDeltaPhijj_1fid": [0.997081333477151, 1.0029358037882645], "qqH_hww_GenDeltaPhijj_1nonfid": [1.003805981908401, 0.9962227702292512], "qqH_hww_GenDeltaPhijj_2fid": [0.9970831813285079, 1.0029339341804429], "qqH_hww_GenDeltaPhijj_2nonfid": [1.0038788691750358, 0.9961509904354124], "qqH_hww_GenDeltaPhijj_3fid": [0.9970874750972195, 1.0029295899109196], "qqH_hww_GenDeltaPhijj_3nonfid": [0.9971574935855279, 1.0028587584942648]}, "THU_qqH_Mjj120": {"qqH_hww_GenDeltaPhijj_0fid": [0.993772139533226, 1.0063064113680031], "qqH_hww_GenDeltaPhijj_0nonfid": [0.9951890999677196, 1.0048576392673119], "qqH_hww_GenDeltaPhijj_1fid": [0.9937558022867046, 1.0063231638857686], "qqH_hww_GenDeltaPhijj_1nonfid": [0.9977111770133775, 1.0022993485915483], "qqH_hww_GenDeltaPhijj_2fid": [0.9937610995556798, 1.006317731845855], "qqH_hww_GenDeltaPhijj_2nonfid": [0.9977739766006887, 1.0022359780794803], "qqH_hww_GenDeltaPhijj_3fid": [0.9937690115634534, 1.0063096187607852], "qqH_hww_GenDeltaPhijj_3nonfid": [0.9951622988476259, 1.0048849651567147]}, "THU_qqH_Mjj350": {"qqH_hww_GenDeltaPhijj_0fid": [0.9990101750969068, 1.0009917882979027], "qqH_hww_GenDeltaPhijj_0nonfid": [0.9987154369115412, 1.0012878717946436], "qqH_hww_GenDeltaPhijj_1fid": [0.9985827861836761, 1.0014212422253244], "qqH_hww_GenDeltaPhijj_1nonfid": [0.9986068530502423, 1.0013970395133571], "qqH_hww_GenDeltaPhijj_2fid": [0.9985200092407508, 1.0014843845107364], "qqH_hww_GenDeltaPhijj_2nonfid": [0.9986183690458731, 1.0013854593420977], "qqH_hww_GenDeltaPhijj_3fid": [0.9989880112939472, 1.001014041103597], "qqH_hww_GenDeltaPhijj_3nonfid": [0.9986733894490947, 1.0013301397066627]}, "THU_qqH_Mjj700": {"qqH_hww_GenDeltaPhijj_0fid": [0.999973074166652, 1.0000269272841849], "qqH_hww_GenDeltaPhijj_0nonfid": [0.999727960977165, 1.0002721871145175], "qqH_hww_GenDeltaPhijj_1fid": [0.9996956240847862, 1.0003045613180146], "qqH_hww_GenDeltaPhijj_1nonfid": [0.9995338025929641, 1.000466632493333], "qqH_hww_GenDeltaPhijj_2fid": [0.999686780381654, 1.0003134159549527], "qqH_hww_GenDeltaPhijj_2nonfid": [0.9995581051200969, 1.0004422857681297], "qqH_hww_GenDeltaPhijj_3fid": [1.0000569083711286, 0.999943098106], "qqH_hww_GenDeltaPhijj_3nonfid": [0.9997575740635107, 1.000242543534824]}, "THU_qqH_Mjj1000": {"qqH_hww_GenDeltaPhijj_0fid": [1.000053483867047, 0.9999465218540867], "qqH_hww_GenDeltaPhijj_0nonfid": [0.9999037412262741, 1.0000962773095619], "qqH_hww_GenDeltaPhijj_1fid": [0.999893204791408, 1.0001068180247754], "qqH_hww_GenDeltaPhijj_1nonfid": [0.9997978907333248, 1.000202190996639], "qqH_hww_GenDeltaPhijj_2fid": [0.9999221958774099, 1.0000778162323223], "qqH_hww_GenDeltaPhijj_2nonfid": [0.9997790386366003, 1.0002210590550227], "qqH_hww_GenDeltaPhijj_3fid": [1.0000958117236538, 0.9999042066332845], "qqH_hww_GenDeltaPhijj_3nonfid": [0.9999112472195789, 1.0000887685380995]}, "THU_qqH_Mjj1500": {"qqH_hww_GenDeltaPhijj_0fid": [1.0000417755122886, 0.9999582279783361], "qqH_hww_GenDeltaPhijj_0nonfid": [0.9999203465113679, 1.0000796661804712], "qqH_hww_GenDeltaPhijj_1fid": [1.0000413285374403, 0.9999586748786691], "qqH_hww_GenDeltaPhijj_1nonfid": [0.9999129421345271, 1.0000870730267402], "qqH_hww_GenDeltaPhijj_2fid": [1.0000087277629248, 0.9999912723897268], "qqH_hww_GenDeltaPhijj_2nonfid": [0.9999026164919125, 1.0000974024793652], "qqH_hww_GenDeltaPhijj_3fid": [1.0000501929053967, 0.9999498121332604], "qqH_hww_GenDeltaPhijj_3nonfid": [0.9999291473286649, 1.0000708627134203]}, "THU_qqH_PTH25": {"qqH_hww_GenDeltaPhijj_0fid": [1.004636929146758, 0.9954056779465189], "qqH_hww_GenDeltaPhijj_0nonfid": [1.0037819326752997, 0.9962464586076197], "qqH_hww_GenDeltaPhijj_1fid": [1.005131821813903, 0.994920314271022], "qqH_hww_GenDeltaPhijj_1nonfid": [1.0014418350584926, 0.9985623107640765], "qqH_hww_GenDeltaPhijj_2fid": [1.0050822412999123, 0.9949688972572143], "qqH_hww_GenDeltaPhijj_2nonfid": [1.0012003857584364, 0.9988024891925007], "qqH_hww_GenDeltaPhijj_3fid": [1.0047290336221044, 0.9953152748252089], "qqH_hww_GenDeltaPhijj_3nonfid": [1.0038011200682067, 0.9962275589359011]}, "THU_qqH_JET01": {"qqH_hww_GenDeltaPhijj_0fid": [0.9884087368418262, 1.0118663552517677], "qqH_hww_GenDeltaPhijj_0nonfid": [0.9884866147713851, 1.011784749961624], "qqH_hww_GenDeltaPhijj_1fid": [0.9883811689230965, 1.011895248851951], "qqH_hww_GenDeltaPhijj_1nonfid": [0.9884285905222109, 1.011845548871401], "qqH_hww_GenDeltaPhijj_2fid": [0.9883843535723452, 1.0118919108932116], "qqH_hww_GenDeltaPhijj_2nonfid": [0.9884274254454115, 1.0118467698089262], "qqH_hww_GenDeltaPhijj_3fid": [0.988408319115702, 1.0118667930411045], "qqH_hww_GenDeltaPhijj_3nonfid": [0.9885017894137287, 1.0117688520658201]}, "THU_qqH_EWK": {"qqH_hww_GenDeltaPhijj_0fid": [1.1423452066471647, 0.8891988255120185], "qqH_hww_GenDeltaPhijj_0nonfid": [1.126802557568008, 0.8988496807836163], "qqH_hww_GenDeltaPhijj_1fid": [1.1040555295867418, 0.9138692351204084], "qqH_hww_GenDeltaPhijj_1nonfid": [1.0734301401868882, 0.9359728979693451], "qqH_hww_GenDeltaPhijj_2fid": [1.103054394408182, 0.9145563025797306], "qqH_hww_GenDeltaPhijj_2nonfid": [1.0727818235678295, 0.9364663641786206], "qqH_hww_GenDeltaPhijj_3fid": [1.1445524324910257, 0.8878660406790807], "qqH_hww_GenDeltaPhijj_3nonfid": [1.128906758366996, 0.8975152066253883]}, "PS_ISR": {"ggH_hww_GenDeltaPhijj_0fid": [0.9976545520286388, 1.0017775240190963], "ggH_hww_GenDeltaPhijj_0nonfid": [0.9987768545021758, 1.0008716665800443], "ggH_hww_GenDeltaPhijj_1fid": [0.9951938419512492, 1.0034506779952648], "ggH_hww_GenDeltaPhijj_1nonfid": [0.9978230073997832, 1.0016561654850098], "ggH_hww_GenDeltaPhijj_2fid": [0.9978274272932742, 1.001895390698812], "ggH_hww_GenDeltaPhijj_2nonfid": [0.9999579809844953, 0.9999282191812221], "ggH_hww_GenDeltaPhijj_3fid": [0.9988532168714367, 1.0004827881090317], "ggH_hww_GenDeltaPhijj_3nonfid": [0.9975518198368666, 1.0019157891523864], "qqH_hww_GenDeltaPhijj_0fid": [1.0008488235624435, 0.9993658604191707], "qqH_hww_GenDeltaPhijj_0nonfid": [1.000547924097072, 0.9996840246717109], "qqH_hww_GenDeltaPhijj_1fid": [1.0007077145551073, 0.9995812438553141], "qqH_hww_GenDeltaPhijj_1nonfid": [0.9994235864337198, 1.000619517907102], "qqH_hww_GenDeltaPhijj_2fid": [1.0006271889789853, 0.9995872834922362], "qqH_hww_GenDeltaPhijj_2nonfid": [0.9988594609256882, 1.0010417529357474], "qqH_hww_GenDeltaPhijj_3fid": [1.0011611866275958, 0.9991327405496375], "qqH_hww_GenDeltaPhijj_3nonfid": [1.000697005129472, 0.9994838763137011]}, "PS_FSR": {"ggH_hww_GenDeltaPhijj_0fid": [1.0235316488719837, 0.9829705412039883],