{"info": "[nominal/up, nominal/down]", "QCDscale_ren_qqH_hww": {"qqH_hww_GenDeltaPhijj_0fid": [1.0094640010167828, 0.9925130705871581], "qqH_hww_GenDeltaPhijj_0nonfid": [1.0106217963465713, 0.9916147309098088], "qqH_hww_GenDeltaPhijj_1fid": [1.0050471522722113, 0.9959749498280457], "qqH_hww_GenDeltaPhijj_1nonfid": [1.0060278425520919, 0.9952013739087507], "qqH_hww_GenDeltaPhijj_2fid": [1.0052813333797554, 0.9957901479274107], "qqH_hww_GenDeltaPhijj_2nonfid": [1.0061509471564698, 0.9951045991856519], "qqH_hww_GenDeltaPhijj_3fid": [1.0095625607276844, 0.9924364809487198], "qqH_hww_GenDeltaPhijj_3nonfid": [1.0101974329072776, 0.9919436028972632]}, "QCDscale_fac_qqH_hww": {"qqH_hww_GenDeltaPhijj_0fid": [0.9988467092170381, 0.9947933969487369], "qqH_hww_GenDeltaPhijj_0nonfid": [0.9976633185870536, 0.9959510794041491], "qqH_hww_GenDeltaPhijj_1fid": [0.99641206706849, 0.9969042364075609], "qqH_hww_GenDeltaPhijj_1nonfid": [0.9964938288845656, 0.9969367121302324], "qqH_hww_GenDeltaPhijj_2fid": [0.9963292689056314, 0.9969322787465162], "qqH_hww_GenDeltaPhijj_2nonfid": [0.9966518368448873, 0.9968038415066016], "qqH_hww_GenDeltaPhijj_3fid": [0.9984899890524825, 0.9951169979382934], "qqH_hww_GenDeltaPhijj_3nonfid": [0.9984120945511678, 0.9952603797646679]}, "THU_qqH_YIELD": {"qqH_hww_GenDeltaPhijj_0fid": [0.9962147947643498, 1.0038140793820336], "qqH_hww_GenDeltaPhijj_0nonfid": [0.9962147294009529, 1.0038141457464747], "qqH_hww_GenDeltaPhijj_1fid": [0.9962141128702533, 1.0038147717199764], "qqH_hww_GenDeltaPhijj_1nonfid": [0.9962150063464994, 1.003813864559737], "qqH_hww_GenDeltaPhijj_2fid": [0.9962141851973862, 1.003814698285002], "qqH_hww_GenDeltaPhijj_2nonfid": [0.9962149807085734, 1.0038138905902776], "qqH_hww_GenDeltaPhijj_3fid": [0.9962148060989652, 1.0038140678738305], "qqH_hww_GenDeltaPhijj_3nonfid": [0.9962147819108613, 1.0038140924323873]}, "THU_qqH_PTH200": {"qqH_hww_GenDeltaPhijj_0fid": [1.0001722234904686, 0.9998278358108748], "qqH_hww_GenDeltaPhijj_0nonfid": [1.0000808748203214, 0.9999191382589605], "qqH_hww_GenDeltaPhijj_1fid": [0.9997037945882542, 1.0002963809909793], "qqH_hww_GenDeltaPhijj_1nonfid": [0.9996589543623958, 1.0003412784205723], "qqH_hww_GenDeltaPhijj_2fid": [0.9996888613584436, 1.000311332376552], "qqH_hww_GenDeltaPhijj_2nonfid": [0.9996789328379253, 1.0003212734627314], "qqH_hww_GenDeltaPhijj_3fid": [1.0001752880474526, 0.999824773382715], "qqH_hww_GenDeltaPhijj_3nonfid": [1.000084126316963, 0.9999158878350527]}, "THU_qqH_Mjj60": {"qqH_hww_GenDeltaPhijj_0fid": [0.9970873434487892, 1.0029297231056158], "qqH_hww_GenDeltaPhijj_0nonfid": [0.9971586993454262, 1.0028575389089336], "qqH_hww_GenDeltaPhijj_1fid": [0.9970811549802493, 1.0029359843865557], "qqH_hww_GenDeltaPhijj_1nonfid": [1.004263084734076, 0.9957729557614319], "qqH_hww_GenDeltaPhijj_2fid": [0.9970733940749952, 1.0029438368255976], "qqH_hww_GenDeltaPhijj_2nonfid": [1.004254203789838, 0.9957816873336093], "qqH_hww_GenDeltaPhijj_3fid": [0.9970914777465975, 1.0029255402512511], "qqH_hww_GenDeltaPhijj_3nonfid": [0.9971603456340082, 1.0028558737547533]}, "THU_qqH_Mjj120": {"qqH_hww_GenDeltaPhijj_0fid": [0.9937682520073359, 1.006310397607802], "qqH_hww_GenDeltaPhijj_0nonfid": [0.9952621991430298, 1.0047831238332856], "qqH_hww_GenDeltaPhijj_1fid": [0.9937575795634728, 1.0063213413776537], "qqH_hww_GenDeltaPhijj_1nonfid": [0.9978603204490569, 1.002148875360201], "qqH_hww_GenDeltaPhijj_2fid": [0.9937543246029596, 1.006324679183307], "qqH_hww_GenDeltaPhijj_2nonfid": [0.9978817929754611, 1.0021272188040953], "qqH_hww_GenDeltaPhijj_3fid": [0.9937670944181621, 1.0063115846035293], "qqH_hww_GenDeltaPhijj_3nonfid": [0.9952150837254832, 1.0048311495668085]}, "THU_qqH_Mjj350": {"qqH_hww_GenDeltaPhijj_0fid": [0.9990035530171596, 1.0009984367614653], "qqH_hww_GenDeltaPhijj_0nonfid": [0.9988316249534341, 1.0011711116418314], "qqH_hww_GenDeltaPhijj_1fid": [0.9985773553465475, 1.0014267040392077], "qqH_hww_GenDeltaPhijj_1nonfid": [0.9986860981590986, 1.001317363613876], "qqH_hww_GenDeltaPhijj_2fid": [0.9985398849333749, 1.0014643914266126], "qqH_hww_GenDeltaPhijj_2nonfid": [0.9987749231580451, 1.0012280858410245], "qqH_hww_GenDeltaPhijj_3fid": [0.998995298333394, 1.0010067245823602], "qqH_hww_GenDeltaPhijj_3nonfid": [0.9988680165872214, 1.0011345520008963]}, "THU_qqH_Mjj700": {"qqH_hww_GenDeltaPhijj_0fid": [0.9999876195636931, 1.0000123807428796], "qqH_hww_GenDeltaPhijj_0nonfid": [0.9998702629699453, 1.0001297707022003], "qqH_hww_GenDeltaPhijj_1fid": [0.9996721397545962, 1.0003280753711503], "qqH_hww_GenDeltaPhijj_1nonfid": [0.9996825411608018, 1.0003176605274942], "qqH_hww_GenDeltaPhijj_2fid": [0.9996972248925516, 1.000302958564081], "qqH_hww_GenDeltaPhijj_2nonfid": [0.9996828962638423, 1.0003173049733565], "qqH_hww_GenDeltaPhijj_3fid": [1.0000003091394825, 0.9999996908607173], "qqH_hww_GenDeltaPhijj_3nonfid": [0.9998764359475192, 1.000123594596193]}, "THU_qqH_Mjj1000": {"qqH_hww_GenDeltaPhijj_0fid": [1.0000557604355764, 0.9999442457821581], "qqH_hww_GenDeltaPhijj_0nonfid": [1.0000071404310544, 0.9999928596709], "qqH_hww_GenDeltaPhijj_1fid": [0.9999175857142131, 1.0000824278722402], "qqH_hww_GenDeltaPhijj_1nonfid": [0.9999038207233005, 1.0000961977811589], "qqH_hww_GenDeltaPhijj_2fid": [0.9999643041024504, 1.0000356984461145], "qqH_hww_GenDeltaPhijj_2nonfid": [0.9999090326712231, 1.0000909838818939], "qqH_hww_GenDeltaPhijj_3fid": [1.000051171548917, 0.9999488336875734], "qqH_hww_GenDeltaPhijj_3nonfid": [1.0000021630246092, 0.9999978369847301]}, "THU_qqH_Mjj1500": {"qqH_hww_GenDeltaPhijj_0fid": [1.0000784129096525, 0.9999215993856028], "qqH_hww_GenDeltaPhijj_0nonfid": [1.0000367238486638, 0.9999632788484304], "qqH_hww_GenDeltaPhijj_1fid": [1.0000306285412317, 0.99996937333487], "qqH_hww_GenDeltaPhijj_1nonfid": [1.000004069764333, 0.9999959302688003], "qqH_hww_GenDeltaPhijj_2fid": [0.9999765170830808, 1.00002348401987], "qqH_hww_GenDeltaPhijj_2nonfid": [0.9999968297242157, 1.0000031702958936], "qqH_hww_GenDeltaPhijj_3fid": [1.0000649775087829, 0.9999350309342864], "qqH_hww_GenDeltaPhijj_3nonfid": [1.0000273976063405, 0.9999726038948441]}, "THU_qqH_PTH25": {"qqH_hww_GenDeltaPhijj_0fid": [1.0047151085779849, 0.9953289405271945], "qqH_hww_GenDeltaPhijj_0nonfid": [1.003475792701421, 0.9965482027618824], "qqH_hww_GenDeltaPhijj_1fid": [1.0049427623507958, 0.9951056211521853], "qqH_hww_GenDeltaPhijj_1nonfid": [1.0010522548238527, 0.998949955005955], "qqH_hww_GenDeltaPhijj_2fid": [1.0050657745007836, 0.9949850348642191], "qqH_hww_GenDeltaPhijj_2nonfid": [1.0010562618383816, 0.9989459648358492], "qqH_hww_GenDeltaPhijj_3fid": [1.0047683962907707, 0.9952766493249009], "qqH_hww_GenDeltaPhijj_3nonfid": [1.0033520229326902, 0.996670299531968]}, "THU_qqH_JET01": {"qqH_hww_GenDeltaPhijj_0fid": [0.9884020426790979, 1.0118733710215815], "qqH_hww_GenDeltaPhijj_0nonfid": [0.9884971876954037, 1.0117736730060034], "qqH_hww_GenDeltaPhijj_1fid": [0.9883868346488224, 1.0118893104064624], "qqH_hww_GenDeltaPhijj_1nonfid": [0.9884215445533522, 1.0118529327542112], "qqH_hww_GenDeltaPhijj_2fid": [0.9883782902118391, 1.0118982661812088], "qqH_hww_GenDeltaPhijj_2nonfid": [0.9884195682960798, 1.0118550038282366], "qqH_hww_GenDeltaPhijj_3fid": [0.9884051751373436, 1.0118700880466145], "qqH_hww_GenDeltaPhijj_3nonfid": [0.9884906709542344, 1.0117805003555542]}, "THU_qqH_EWK": {"qqH_hww_GenDeltaPhijj_0fid": [1.1431241292151177, 0.888727445672229], "qqH_hww_GenDeltaPhijj_0nonfid": [1.1257839403705436, 0.8994989066864516], "qqH_hww_GenDeltaPhijj_1fid": [1.1036309716889243, 0.914160325969496], "qqH_hww_GenDeltaPhijj_1nonfid": [1.0709803960216628, 0.9378434036297305], "qqH_hww_GenDeltaPhijj_2fid": [1.103852195679759, 0.9140085964555361], "qqH_hww_GenDeltaPhijj_2nonfid": [1.0712758376040743, 0.9376169680980642], "qqH_hww_GenDeltaPhijj_3fid": [1.143632421539076, 0.8884204580654268], "qqH_hww_GenDeltaPhijj_3nonfid": [1.125768060948171, 0.8995090443273315]}, "PS_ISR": {"ggH_hww_GenDeltaPhijj_0fid": [0.999027768005511, 1.000745375202709],